{"cameraMode":{"drawMode":0,"name":"Shaded","section":"Shading Mode"},"sceneLighting":false,"audioPlay":false,"sceneViewState":{"showFog":true,"showMaterialUpdate":false,"showSkybox":false,"showFlares":true,"showImageEffects":true,"showParticleSystems":true},"in2DMode":false,"pivot":{"x":-88.5614013671875,"y":134.55706787109376,"z":996.779541015625},"rotation":{"x":-0.0018845624290406705,"y":0.9977641701698303,"z":-0.036855969578027728,"w":-0.05719717964529991},"size":222.98448181152345,"orthographic":false}