{"cameraMode":{"drawMode":0,"name":"Shaded","section":"Shading Mode"},"sceneLighting":true,"audioPlay":false,"sceneViewState":{"showFog":true,"showMaterialUpdate":false,"showSkybox":true,"showFlares":true,"showImageEffects":true,"showParticleSystems":true},"in2DMode":false,"pivot":{"x":-2.680694580078125,"y":14.5166015625,"z":-3.2500076293945314},"rotation":{"x":-0.28065168857574465,"y":0.134766086935997,"z":-0.040042273700237277,"w":-0.9495590925216675},"size":1831.2708740234375,"orthographic":false}