{"cameraMode":{"drawMode":0,"name":"Shaded","section":"Shading Mode"},"sceneLighting":false,"audioPlay":false,"sceneViewState":{"showFog":true,"showMaterialUpdate":false,"showSkybox":false,"showFlares":true,"showImageEffects":true,"showParticleSystems":true},"in2DMode":false,"pivot":{"x":146.37945556640626,"y":-135.17825317382813,"z":-909.9383544921875},"rotation":{"x":0.010554050095379353,"y":0.9879641532897949,"z":-0.07510416209697724,"w":0.1354219764471054},"size":1144.5423583984375,"orthographic":false}